<?xml version="1.0" encoding="UTF-8"?>
<fmiModelDescription
  xmlns:xsi="http://www.w3.org/2001/XMLSchema-instance"
  fmiVersion="2.0"
  modelName="TankSystemDigiLab_TankLevel_Flat"
  guid="{3c624beb-80bb-4276-bc1b-4262a46be1ec}"
  generationTool="Dymola Version 2019 FD01 Beta 2 (64-bit), 2018-09-12"
  generationDateAndTime="2019-01-24T21:18:36Z"
  variableNamingConvention="structured"
  numberOfEventIndicators="6">
  <ModelExchange
    modelIdentifier="TankSystemDigiLab_TankLevel_Flat"
    canGetAndSetFMUstate="true"
    canSerializeFMUstate="true"
    providesDirectionalDerivative="true">
    <SourceFiles>
      <File
        name="all.c"/>
    </SourceFiles>
  </ModelExchange>
  <CoSimulation
    modelIdentifier="TankSystemDigiLab_TankLevel_Flat"
    canHandleVariableCommunicationStepSize="true"
    canInterpolateInputs="true"
    maxOutputDerivativeOrder="1"
    canGetAndSetFMUstate="true"
    canSerializeFMUstate="true"
    providesDirectionalDerivative="true">
    <SourceFiles>
      <File
        name="all.c"/>
    </SourceFiles>
  </CoSimulation>
  <UnitDefinitions>
    <Unit
      name="1"/>
    <Unit
      name="m">
      <BaseUnit m="1"/>
    </Unit>
    <Unit
      name="m/s">
      <BaseUnit m="1"
        s="-1"/>
    </Unit>
    <Unit
      name="m2">
      <BaseUnit m="2"/>
    </Unit>
    <Unit
      name="m3/s">
      <BaseUnit m="3"
        s="-1"/>
    </Unit>
    <Unit
      name="s">
      <BaseUnit s="1"/>
    </Unit>
  </UnitDefinitions>
  <TypeDefinitions>
    <SimpleType
      name="Modelica.Blocks.Interfaces.RealInput">
      <Real/>
    </SimpleType>
    <SimpleType
      name="Modelica.Blocks.Interfaces.RealOutput">
      <Real/>
    </SimpleType>
    <SimpleType
      name="Modelica.SIunits.Time">
      <Real
        quantity="Time"
        unit="s"/>
    </SimpleType>
    <SimpleType
      name="Modelica.Blocks.Types.Init">
      <Enumeration>
        <Item name="NoInit"
          value="1"
          description="No initialization (start values are used as guess values with fixed=false)"/>
        <Item name="SteadyState"
          value="2"
          description="Steady state initialization (derivatives of states are zero)"/>
        <Item name="InitialState"
          value="3"
          description="Initialization with initial states"/>
        <Item name="InitialOutput"
          value="4"
          description="Initialization with initial outputs (and steady state of the states if possible)"/>
      </Enumeration>
    </SimpleType>
    <SimpleType
      name="Modelica.Blocks.Types.InitPID">
      <Enumeration>
        <Item name="NoInit"
          value="1"
          description="No initialization (start values are used as guess values with fixed=false)"/>
        <Item name="SteadyState"
          value="2"
          description="Steady state initialization (derivatives of states are zero)"/>
        <Item name="InitialState"
          value="3"
          description="Initialization with initial states"/>
        <Item name="InitialOutput"
          value="4"
          description="Initialization with initial outputs (and steady state of the states if possible)"/>
        <Item name="DoNotUse_InitialIntegratorState"
          value="5"
          description="Do not use, only for backward compatibility (initialize only integrator state)"/>
      </Enumeration>
    </SimpleType>
    <SimpleType
      name="Modelica.Blocks.Types.SimpleController">
      <Enumeration>
        <Item name="P"
          value="1"
          description="P controller"/>
        <Item name="PI"
          value="2"
          description="PI controller"/>
        <Item name="PD"
          value="3"
          description="PD controller"/>
        <Item name="PID"
          value="4"
          description="PID controller"/>
      </Enumeration>
    </SimpleType>
  </TypeDefinitions>
  <DefaultExperiment startTime="0.0"
    stopTime="180.0"
    tolerance="1E-06"/>
  <ModelVariables>
    <!-- Index for next variable = 1 -->
    <ScalarVariable
      name="qInflow"
      valueReference="16777216"
      description="Flow through input valve"
      causality="parameter"
      variability="tunable">
      <Real
        unit="m3/s"
        start="0.1"/>
    </ScalarVariable>
    <!-- Index for next variable = 2 -->
    <ScalarVariable
      name="area"
      valueReference="16777217"
      description="Cross sectional area of the tank"
      causality="parameter"
      variability="tunable">
      <Real
        unit="m2"
        start="1"/>
    </ScalarVariable>
    <!-- Index for next variable = 3 -->
    <ScalarVariable
      name="areaOut"
      valueReference="16777218"
      description="Cross sectional area of outflow tube"
      causality="parameter"
      variability="tunable">
      <Real
        unit="m2"
        start="0.04"/>
    </ScalarVariable>
    <!-- Index for next variable = 4 -->
    <ScalarVariable
      name="h0"
      valueReference="16777219"
      description="Initial filling level"
      causality="parameter"
      variability="fixed">
      <Real
        unit="m"
        start="0"/>
    </ScalarVariable>
    <!-- Index for next variable = 5 -->
    <ScalarVariable
      name="h"
      valueReference="33554432"
      description="Tank filling level">
      <Real
        unit="m"/>
    </ScalarVariable>
    <!-- Index for next variable = 6 -->
    <ScalarVariable
      name="der(h)"
      valueReference="587202560"
      description="der(Tank filling level)">
      <Real
        unit="m/s"
        derivative="5"/>
    </ScalarVariable>
    <!-- Index for next variable = 7 -->
    <ScalarVariable
      name="qOutflow"
      valueReference="637534208"
      description="Flow through output valve">
      <Real
        unit="m3/s"/>
    </ScalarVariable>
    <!-- Index for next variable = 8 -->
    <ScalarVariable
      name="K_p"
      valueReference="16777220"
      description="p-Gain"
      causality="parameter"
      variability="tunable">
      <Real
        unit="1"
        start="0.1"/>
    </ScalarVariable>
    <!-- Index for next variable = 9 -->
    <ScalarVariable
      name="K_i"
      valueReference="16777221"
      description="i-Gain"
      causality="parameter"
      variability="tunable">
      <Real
        unit="s"
        start="1"/>
    </ScalarVariable>
    <!-- Index for next variable = 10 -->
    <ScalarVariable
      name="K_d"
      valueReference="16777222"
      description="d-Gain"
      causality="parameter"
      variability="tunable">
      <Real
        unit="s"
        start="1"/>
    </ScalarVariable>
    <!-- Index for next variable = 11 -->
    <ScalarVariable
      name="T"
      valueReference="16777223"
      description="Time constant of the tank system"
      causality="parameter"
      variability="fixed">
      <Real
        unit="s"
        start="1"/>
    </ScalarVariable>
    <!-- Index for next variable = 12 -->
    <ScalarVariable
      name="h_setpoint"
      valueReference="16777224"
      description="Setpoint level for control"
      causality="parameter"
      variability="tunable">
      <Real
        unit="m"
        start="1"/>
    </ScalarVariable>
    <!-- Index for next variable = 13 -->
    <ScalarVariable
      name="opening"
      valueReference="637534209"
      description="Valve opening in the range [0-1]">
      <Real min="0.0"
        max="1.0"/>
    </ScalarVariable>
    <!-- Index for next variable = 14 -->
    <ScalarVariable
      name="PID.u_s"
      valueReference="234881032"
      description="Connector of setpoint input signal">
      <Real
        declaredType="Modelica.Blocks.Interfaces.RealInput"
        unit="m"/>
    </ScalarVariable>
    <!-- Index for next variable = 15 -->
    <ScalarVariable
      name="PID.u_m"
      valueReference="33554432"
      description="Connector of measurement input signal">
      <Real
        declaredType="Modelica.Blocks.Interfaces.RealInput"
        unit="m"/>
    </ScalarVariable>
    <!-- Index for next variable = 16 -->
    <ScalarVariable
      name="PID.y"
      valueReference="637534210"
      description="Connector of actuator output signal">
      <Real
        declaredType="Modelica.Blocks.Interfaces.RealOutput"/>
    </ScalarVariable>
    <!-- Index for next variable = 17 -->
    <ScalarVariable
      name="PID.controlError"
      valueReference="905969667"
      description="Control error (set point - measurement)">
      <Real
        unit="m"/>
    </ScalarVariable>
    <!-- Index for next variable = 18 -->
    <ScalarVariable
      name="PID.controllerType"
      valueReference="100663300"
      description="Type of controller"
      variability="constant">
      <Enumeration
        declaredType="Modelica.Blocks.Types.SimpleController"
        start="4"/>
    </ScalarVariable>
    <!-- Index for next variable = 19 -->
    <ScalarVariable
      name="PID.k"
      valueReference="100663301"
      description="Gain of controller"
      variability="tunable">
      <Real
        unit="1"
        min="0.0"/>
    </ScalarVariable>
    <!-- Index for next variable = 20 -->
    <ScalarVariable
      name="PID.Ti"
      valueReference="100663302"
      description="Time constant of Integrator block"
      variability="tunable">
      <Real
        declaredType="Modelica.SIunits.Time"
        min="1E-60"/>
    </ScalarVariable>
    <!-- Index for next variable = 21 -->
    <ScalarVariable
      name="PID.Td"
      valueReference="100663303"
      description="Time constant of Derivative block"
      variability="tunable">
      <Real
        declaredType="Modelica.SIunits.Time"
        min="0.0"/>
    </ScalarVariable>
    <!-- Index for next variable = 22 -->
    <ScalarVariable
      name="PID.yMax"
      valueReference="16777225"
      description="Upper limit of output"
      causality="parameter"
      variability="tunable">
      <Real start="100.0"/>
    </ScalarVariable>
    <!-- Index for next variable = 23 -->
    <ScalarVariable
      name="PID.yMin"
      valueReference="16777226"
      description="Lower limit of output"
      causality="parameter"
      variability="tunable">
      <Real start="1.0"/>
    </ScalarVariable>
    <!-- Index for next variable = 24 -->
    <ScalarVariable
      name="PID.wp"
      valueReference="16777227"
      description="Set-point weight for Proportional block (0..1)"
      causality="parameter"
      variability="tunable">
      <Real min="0.0"
        start="1"/>
    </ScalarVariable>
    <!-- Index for next variable = 25 -->
    <ScalarVariable
      name="PID.wd"
      valueReference="16777228"
      description="Set-point weight for Derivative block (0..1)"
      causality="parameter"
      variability="tunable">
      <Real min="0.0"
        start="0"/>
    </ScalarVariable>
    <!-- Index for next variable = 26 -->
    <ScalarVariable
      name="PID.Ni"
      valueReference="16777229"
      description="Ni*Ti is time constant of anti-windup compensation"
      causality="parameter"
      variability="tunable">
      <Real min="1E-13"
        start="0.9"/>
    </ScalarVariable>
    <!-- Index for next variable = 27 -->
    <ScalarVariable
      name="PID.Nd"
      valueReference="16777230"
      description="The higher Nd, the more ideal the derivative block"
      causality="parameter"
      variability="tunable">
      <Real min="1E-13"
        start="10"/>
    </ScalarVariable>
    <!-- Index for next variable = 28 -->
    <ScalarVariable
      name="PID.initType"
      valueReference="100663304"
      description="Type of initialization (1: no init, 2: steady state, 3: initial state, 4: initial output)"
      variability="constant">
      <Enumeration
        declaredType="Modelica.Blocks.Types.InitPID"
        start="5"/>
    </ScalarVariable>
    <!-- Index for next variable = 29 -->
    <ScalarVariable
      name="PID.limitsAtInit"
      valueReference="100663305"
      description="= false, if limits are ignored during initialization"
      variability="constant">
      <Boolean start="true"/>
    </ScalarVariable>
    <!-- Index for next variable = 30 -->
    <ScalarVariable
      name="PID.xi_start"
      valueReference="16777231"
      description="Initial or guess value value for integrator output (= integrator state)"
      causality="parameter"
      variability="fixed">
      <Real start="0"/>
    </ScalarVariable>
    <!-- Index for next variable = 31 -->
    <ScalarVariable
      name="PID.xd_start"
      valueReference="16777232"
      description="Initial or guess value for state of derivative block"
      causality="parameter"
      variability="fixed">
      <Real start="0"/>
    </ScalarVariable>
    <!-- Index for next variable = 32 -->
    <ScalarVariable
      name="PID.y_start"
      valueReference="16777233"
      description="Initial value of output"
      causality="parameter"
      variability="fixed">
      <Real start="0"/>
    </ScalarVariable>
    <!-- Index for next variable = 33 -->
    <ScalarVariable
      name="PID.strict"
      valueReference="100663306"
      description="= true, if strict limits with noEvent(..)"
      variability="constant">
      <Boolean start="false"/>
    </ScalarVariable>
    <!-- Index for next variable = 34 -->
    <ScalarVariable
      name="PID.addP.u1"
      valueReference="234881032"
      description="Connector of Real input signal 1">
      <Real
        declaredType="Modelica.Blocks.Interfaces.RealInput"
        unit="m"/>
    </ScalarVariable>
    <!-- Index for next variable = 35 -->
    <ScalarVariable
      name="PID.addP.u2"
      valueReference="33554432"
      description="Connector of Real input signal 2">
      <Real
        declaredType="Modelica.Blocks.Interfaces.RealInput"
        unit="m"/>
    </ScalarVariable>
    <!-- Index for next variable = 36 -->
    <ScalarVariable
      name="PID.addP.y"
      valueReference="637534220"
      description="Connector of Real output signal">
      <Real
        declaredType="Modelica.Blocks.Interfaces.RealOutput"/>
    </ScalarVariable>
    <!-- Index for next variable = 37 -->
    <ScalarVariable
      name="PID.addP.k1"
      valueReference="100663309"
      description="Gain of upper input"
      variability="tunable">
      <Real/>
    </ScalarVariable>
    <!-- Index for next variable = 38 -->
    <ScalarVariable
      name="PID.addP.k2"
      valueReference="16777234"
      description="Gain of lower input"
      causality="parameter"
      variability="tunable">
      <Real start="-1"/>
    </ScalarVariable>
    <!-- Index for next variable = 39 -->
    <ScalarVariable
      name="PID.P.k"
      valueReference="16777235"
      description="Gain value multiplied with input signal"
      causality="parameter"
      variability="tunable">
      <Real
        unit="1"
        start="1"/>
    </ScalarVariable>
    <!-- Index for next variable = 40 -->
    <ScalarVariable
      name="PID.P.u"
      valueReference="637534220"
      description="Input signal connector">
      <Real
        declaredType="Modelica.Blocks.Interfaces.RealInput"/>
    </ScalarVariable>
    <!-- Index for next variable = 41 -->
    <ScalarVariable
      name="PID.P.y"
      valueReference="637534222"
      description="Output signal connector">
      <Real
        declaredType="Modelica.Blocks.Interfaces.RealOutput"/>
    </ScalarVariable>
    <!-- Index for next variable = 42 -->
    <ScalarVariable
      name="PID.gainPID.k"
      valueReference="100663311"
      description="Gain value multiplied with input signal"
      variability="tunable">
      <Real
        unit="1"/>
    </ScalarVariable>
    <!-- Index for next variable = 43 -->
    <ScalarVariable
      name="PID.gainPID.u"
      valueReference="637534224"
      description="Input signal connector">
      <Real
        declaredType="Modelica.Blocks.Interfaces.RealInput"/>
    </ScalarVariable>
    <!-- Index for next variable = 44 -->
    <ScalarVariable
      name="PID.gainPID.y"
      valueReference="637534225"
      description="Output signal connector">
      <Real
        declaredType="Modelica.Blocks.Interfaces.RealOutput"/>
    </ScalarVariable>
    <!-- Index for next variable = 45 -->
    <ScalarVariable
      name="PID.addPID.k1"
      valueReference="16777236"
      description="Gain of upper input"
      causality="parameter"
      variability="tunable">
      <Real start="1"/>
    </ScalarVariable>
    <!-- Index for next variable = 46 -->
    <ScalarVariable
      name="PID.addPID.k2"
      valueReference="16777237"
      description="Gain of middle input"
      causality="parameter"
      variability="tunable">
      <Real start="1"/>
    </ScalarVariable>
    <!-- Index for next variable = 47 -->
    <ScalarVariable
      name="PID.addPID.k3"
      valueReference="16777238"
      description="Gain of lower input"
      causality="parameter"
      variability="tunable">
      <Real start="1"/>
    </ScalarVariable>
    <!-- Index for next variable = 48 -->
    <ScalarVariable
      name="PID.addPID.u1"
      valueReference="637534222"
      description="Connector 1 of Real input signals">
      <Real
        declaredType="Modelica.Blocks.Interfaces.RealInput"/>
    </ScalarVariable>
    <!-- Index for next variable = 49 -->
    <ScalarVariable
      name="PID.addPID.u2"
      valueReference="637534226"
      description="Connector 2 of Real input signals">
      <Real
        declaredType="Modelica.Blocks.Interfaces.RealInput"/>
    </ScalarVariable>
    <!-- Index for next variable = 50 -->
    <ScalarVariable
      name="PID.addPID.u3"
      valueReference="33554433"
      description="Connector 3 of Real input signals">
      <Real
        declaredType="Modelica.Blocks.Interfaces.RealInput"/>
    </ScalarVariable>
    <!-- Index for next variable = 51 -->
    <ScalarVariable
      name="PID.addPID.y"
      valueReference="637534224"
      description="Connector of Real output signals">
      <Real
        declaredType="Modelica.Blocks.Interfaces.RealOutput"/>
    </ScalarVariable>
    <!-- Index for next variable = 52 -->
    <ScalarVariable
      name="PID.limiter.uMax"
      valueReference="100663315"
      description="Upper limits of input signals"
      variability="tunable">
      <Real/>
    </ScalarVariable>
    <!-- Index for next variable = 53 -->
    <ScalarVariable
      name="PID.limiter.uMin"
      valueReference="100663316"
      description="Lower limits of input signals"
      variability="tunable">
      <Real/>
    </ScalarVariable>
    <!-- Index for next variable = 54 -->
    <ScalarVariable
      name="PID.limiter.strict"
      valueReference="100663317"
      description="= true, if strict limits with noEvent(..)"
      variability="constant">
      <Boolean start="false"/>
    </ScalarVariable>
    <!-- Index for next variable = 55 -->
    <ScalarVariable
      name="PID.limiter.limitsAtInit"
      valueReference="100663318"
      description="Has no longer an effect and is only kept for backwards compatibility (the implementation uses now the homotopy operator)"
      variability="constant">
      <Boolean start="true"/>
    </ScalarVariable>
    <!-- Index for next variable = 56 -->
    <ScalarVariable
      name="PID.limiter.u"
      valueReference="637534225"
      description="Connector of Real input signal">
      <Real
        declaredType="Modelica.Blocks.Interfaces.RealInput"/>
    </ScalarVariable>
    <!-- Index for next variable = 57 -->
    <ScalarVariable
      name="PID.limiter.y"
      valueReference="637534210"
      description="Connector of Real output signal">
      <Real
        declaredType="Modelica.Blocks.Interfaces.RealOutput"/>
    </ScalarVariable>
    <!-- Index for next variable = 58 -->
    <ScalarVariable
      name="PID.addD.u1"
      valueReference="234881032"
      description="Connector of Real input signal 1">
      <Real
        declaredType="Modelica.Blocks.Interfaces.RealInput"
        unit="m"/>
    </ScalarVariable>
    <!-- Index for next variable = 59 -->
    <ScalarVariable
      name="PID.addD.u2"
      valueReference="33554432"
      description="Connector of Real input signal 2">
      <Real
        declaredType="Modelica.Blocks.Interfaces.RealInput"
        unit="m"/>
    </ScalarVariable>
    <!-- Index for next variable = 60 -->
    <ScalarVariable
      name="PID.addD.y"
      valueReference="637534233"
      description="Connector of Real output signal">
      <Real
        declaredType="Modelica.Blocks.Interfaces.RealOutput"/>
    </ScalarVariable>
    <!-- Index for next variable = 61 -->
    <ScalarVariable
      name="PID.addD.k1"
      valueReference="100663322"
      description="Gain of upper input"
      variability="tunable">
      <Real/>
    </ScalarVariable>
    <!-- Index for next variable = 62 -->
    <ScalarVariable
      name="PID.addD.k2"
      valueReference="16777239"
      description="Gain of lower input"
      causality="parameter"
      variability="tunable">
      <Real start="-1"/>
    </ScalarVariable>
    <!-- Index for next variable = 63 -->
    <ScalarVariable
      name="PID.I.k"
      valueReference="100663323"
      description="Integrator gain"
      variability="tunable">
      <Real
        unit="1"/>
    </ScalarVariable>
    <!-- Index for next variable = 64 -->
    <ScalarVariable
      name="PID.I.initType"
      valueReference="100663324"
      description="Type of initialization (1: no init, 2: steady state, 3,4: initial output)"
      variability="constant">
      <Enumeration
        declaredType="Modelica.Blocks.Types.Init"
        start="3"/>
    </ScalarVariable>
    <!-- Index for next variable = 65 -->
    <ScalarVariable
      name="PID.I.y_start"
      valueReference="100663325"
      description="Initial or guess value of output (= state)"
      variability="fixed">
      <Real/>
    </ScalarVariable>
    <!-- Index for next variable = 66 -->
    <ScalarVariable
      name="PID.I.u"
      valueReference="637534238"
      description="Connector of Real input signal">
      <Real
        declaredType="Modelica.Blocks.Interfaces.RealInput"/>
    </ScalarVariable>
    <!-- Index for next variable = 67 -->
    <ScalarVariable
      name="PID.I.y"
      valueReference="33554433"
      description="Connector of Real output signal">
      <Real
        declaredType="Modelica.Blocks.Interfaces.RealOutput"/>
    </ScalarVariable>
    <!-- Index for next variable = 68 -->
    <ScalarVariable
      name="der(PID.I.y)"
      valueReference="587202561"
      description="der(Connector of Real output signal)">
      <Real derivative="67"/>
    </ScalarVariable>
    <!-- Index for next variable = 69 -->
    <ScalarVariable
      name="PID.D.k"
      valueReference="100663327"
      description="Gains"
      variability="tunable">
      <Real
        unit="1"/>
    </ScalarVariable>
    <!-- Index for next variable = 70 -->
    <ScalarVariable
      name="PID.D.T"
      valueReference="100663328"
      description="Time constants (T&gt;0 required; T=0 is ideal derivative block)"
      variability="tunable">
      <Real
        declaredType="Modelica.SIunits.Time"
        min="1E-60"/>
    </ScalarVariable>
    <!-- Index for next variable = 71 -->
    <ScalarVariable
      name="PID.D.initType"
      valueReference="100663329"
      description="Type of initialization (1: no init, 2: steady state, 3: initial state, 4: initial output)"
      variability="constant">
      <Enumeration
        declaredType="Modelica.Blocks.Types.Init"
        start="1"/>
    </ScalarVariable>
    <!-- Index for next variable = 72 -->
    <ScalarVariable
      name="PID.D.x_start"
      valueReference="100663330"
      description="Initial or guess value of state"
      variability="fixed">
      <Real/>
    </ScalarVariable>
    <!-- Index for next variable = 73 -->
    <ScalarVariable
      name="PID.D.y_start"
      valueReference="16777240"
      description="Initial value of output (= state)"
      causality="parameter"
      variability="fixed">
      <Real start="0"/>
    </ScalarVariable>
    <!-- Index for next variable = 74 -->
    <ScalarVariable
      name="PID.D.u"
      valueReference="637534233"
      description="Connector of Real input signal">
      <Real
        declaredType="Modelica.Blocks.Interfaces.RealInput"/>
    </ScalarVariable>
    <!-- Index for next variable = 75 -->
    <ScalarVariable
      name="PID.D.y"
      valueReference="637534226"
      description="Connector of Real output signal">
      <Real
        declaredType="Modelica.Blocks.Interfaces.RealOutput"/>
    </ScalarVariable>
    <!-- Index for next variable = 76 -->
    <ScalarVariable
      name="PID.D.x"
      valueReference="33554434"
      description="State of block">
      <Real/>
    </ScalarVariable>
    <!-- Index for next variable = 77 -->
    <ScalarVariable
      name="der(PID.D.x)"
      valueReference="587202562"
      description="der(State of block)">
      <Real derivative="76"/>
    </ScalarVariable>
    <!-- Index for next variable = 78 -->
    <ScalarVariable
      name="PID.addI.k1"
      valueReference="16777241"
      description="Gain of upper input"
      causality="parameter"
      variability="tunable">
      <Real start="1"/>
    </ScalarVariable>
    <!-- Index for next variable = 79 -->
    <ScalarVariable
      name="PID.addI.k2"
      valueReference="16777242"
      description="Gain of middle input"
      causality="parameter"
      variability="tunable">
      <Real start="-1"/>
    </ScalarVariable>
    <!-- Index for next variable = 80 -->
    <ScalarVariable
      name="PID.addI.k3"
      valueReference="16777243"
      description="Gain of lower input"
      causality="parameter"
      variability="tunable">
      <Real start="1"/>
    </ScalarVariable>
    <!-- Index for next variable = 81 -->
    <ScalarVariable
      name="PID.addI.u1"
      valueReference="234881032"
      description="Connector 1 of Real input signals">
      <Real
        declaredType="Modelica.Blocks.Interfaces.RealInput"
        unit="m"/>
    </ScalarVariable>
    <!-- Index for next variable = 82 -->
    <ScalarVariable
      name="PID.addI.u2"
      valueReference="33554432"
      description="Connector 2 of Real input signals">
      <Real
        declaredType="Modelica.Blocks.Interfaces.RealInput"
        unit="m"/>
    </ScalarVariable>
    <!-- Index for next variable = 83 -->
    <ScalarVariable
      name="PID.addI.u3"
      valueReference="637534244"
      description="Connector 3 of Real input signals">
      <Real
        declaredType="Modelica.Blocks.Interfaces.RealInput"/>
    </ScalarVariable>
    <!-- Index for next variable = 84 -->
    <ScalarVariable
      name="PID.addI.y"
      valueReference="637534238"
      description="Connector of Real output signals">
      <Real
        declaredType="Modelica.Blocks.Interfaces.RealOutput"/>
    </ScalarVariable>
    <!-- Index for next variable = 85 -->
    <ScalarVariable
      name="PID.addSat.u1"
      valueReference="637534210"
      description="Connector of Real input signal 1">
      <Real
        declaredType="Modelica.Blocks.Interfaces.RealInput"/>
    </ScalarVariable>
    <!-- Index for next variable = 86 -->
    <ScalarVariable
      name="PID.addSat.u2"
      valueReference="637534225"
      description="Connector of Real input signal 2">
      <Real
        declaredType="Modelica.Blocks.Interfaces.RealInput"/>
    </ScalarVariable>
    <!-- Index for next variable = 87 -->
    <ScalarVariable
      name="PID.addSat.y"
      valueReference="637534245"
      description="Connector of Real output signal">
      <Real
        declaredType="Modelica.Blocks.Interfaces.RealOutput"/>
    </ScalarVariable>
    <!-- Index for next variable = 88 -->
    <ScalarVariable
      name="PID.addSat.k1"
      valueReference="16777244"
      description="Gain of upper input"
      causality="parameter"
      variability="tunable">
      <Real start="1"/>
    </ScalarVariable>
    <!-- Index for next variable = 89 -->
    <ScalarVariable
      name="PID.addSat.k2"
      valueReference="16777245"
      description="Gain of lower input"
      causality="parameter"
      variability="tunable">
      <Real start="-1"/>
    </ScalarVariable>
    <!-- Index for next variable = 90 -->
    <ScalarVariable
      name="PID.gainTrack.k"
      valueReference="100663334"
      description="Gain value multiplied with input signal"
      variability="tunable">
      <Real
        unit="1"/>
    </ScalarVariable>
    <!-- Index for next variable = 91 -->
    <ScalarVariable
      name="PID.gainTrack.u"
      valueReference="637534245"
      description="Input signal connector">
      <Real
        declaredType="Modelica.Blocks.Interfaces.RealInput"/>
    </ScalarVariable>
    <!-- Index for next variable = 92 -->
    <ScalarVariable
      name="PID.gainTrack.y"
      valueReference="637534244"
      description="Output signal connector">
      <Real
        declaredType="Modelica.Blocks.Interfaces.RealOutput"/>
    </ScalarVariable>
  </ModelVariables>
  <ModelStructure>
    <Derivatives>
      <Unknown index="6"
        dependencies="5 67 76"
        dependenciesKind="dependent fixed fixed"/>
      <Unknown index="68"
        dependencies="5 67 76"
        dependenciesKind="fixed fixed fixed"/>
      <Unknown index="77"
        dependencies="5 76"
        dependenciesKind="fixed fixed"/>
    </Derivatives>
    <InitialUnknowns>
      <Unknown index="5"
        dependencies="4"
        dependenciesKind="dependent"/>
      <Unknown index="6"
        dependencies="1 2 3 4 8 10 12 22 23 24 25 27 30 31 38 39 45 46 47 62"
        dependenciesKind="dependent dependent dependent dependent dependent dependent dependent dependent dependent dependent dependent dependent dependent dependent dependent dependent dependent dependent dependent dependent"/>
      <Unknown index="67"
        dependencies="30"
        dependenciesKind="dependent"/>
      <Unknown index="68"
        dependencies="4 8 9 10 12 22 23 24 25 26 27 30 31 38 39 45 46 47 62 78 79 80 88 89"
        dependenciesKind="dependent dependent dependent dependent dependent dependent dependent dependent dependent dependent dependent dependent dependent dependent dependent dependent dependent dependent dependent dependent dependent dependent dependent dependent"/>
      <Unknown index="76"
        dependencies="31"
        dependenciesKind="dependent"/>
      <Unknown index="77"
        dependencies="4 10 12 25 27 31 62"
        dependenciesKind="dependent dependent dependent dependent dependent dependent dependent"/>
    </InitialUnknowns>
  </ModelStructure>
</fmiModelDescription>
